"name","height_m","weight_kg","base_total","hp","attack","defense","sp_attack","sp_defense","speed","capture_rate","numero_evolution"
"Bulbasaur",0.7,6.9,318,45,49,49,65,65,45,45,1
"Ivysaur",1,13,405,60,62,63,80,80,60,45,2
"Venusaur",2,100,525,80,82,83,100,100,80,45,3
"Mega Venusaur",2.4,155.5,625,80,100,123,122,120,80,45,NA
"Charmander",0.6,8.5,309,39,52,43,60,50,65,45,1
"Charmeleon",1.1,19,405,58,64,58,80,65,80,45,2
"Charizard",1.7,90.5,534,78,84,78,109,85,100,45,3
"Mega Charizard X",1.7,110.5,634,78,130,111,130,85,100,45,NA
"Mega Charizard Y",1.7,100.5,634,78,104,78,159,115,100,45,NA
"Squirtle",0.5,9,314,44,48,65,50,64,43,45,1
"Wartortle",1,22.5,405,59,63,80,65,80,58,45,2
"Blastoise",1.6,85.5,530,79,83,100,85,105,78,45,3
"Mega Blastoise",1.6,101.1,630,79,103,120,135,115,78,45,NA
"Caterpie",0.3,2.9,195,45,30,35,20,20,45,255,1
"Metapod",0.7,9.9,205,50,20,55,25,25,30,120,2
"Butterfree",1.1,32,395,60,45,50,90,80,70,45,3
"Weedle",0.3,3.2,195,40,35,30,20,20,50,255,1
"Kakuna",0.6,10,205,45,25,50,25,25,35,120,2
"Beedrill",1,29.5,395,65,90,40,45,80,75,45,3
"Mega Beedrill",1.4,40.5,495,65,150,40,15,80,145,45,NA
"Pidgey",0.3,1.8,251,40,45,40,35,35,56,255,1
"Pidgeotto",1.1,30,349,63,60,55,50,50,71,120,2
"Pidgeot",1.5,39.5,479,83,80,75,70,70,101,45,3
"Mega Pidgeot",2.2,50.5,579,83,80,80,135,80,121,45,NA
"Rattata",0.3,3.5,253,30,56,35,25,35,72,255,1
"Alolan Rattata",0.3,3.8,253,30,56,35,25,35,72,255,1
"Raticate",0.7,18.5,413,55,81,60,50,70,97,127,2
"Alolan Raticate",0.7,25.5,413,75,71,70,40,80,77,127,2
"Spearow",0.3,2,262,40,60,30,31,31,70,255,1
"Fearow",1.2,38,442,65,90,65,61,61,100,90,2
"Ekans",2,6.9,288,35,60,44,40,54,55,255,1
"Arbok",3.5,65,448,60,95,69,65,79,80,90,2
"Pikachu",0.4,6,320,35,55,40,50,50,90,190,1
"Raichu",0.8,30,485,60,90,55,90,80,110,75,2
"Alolan Raichu",0.7,21,485,60,85,50,95,85,110,75,2
"Sandshrew",0.6,12,300,50,75,85,20,30,40,255,1
"Alolan Sandshrew",0.7,40,300,50,75,90,10,35,40,255,1
"Sandslash",1,29.5,450,75,100,110,45,55,65,90,2
"Alolan Sandslash",1.2,55,450,75,100,120,25,65,65,90,2
"Nidorana female",0.4,7,275,55,47,52,40,40,41,235,NA
"Nidorina",0.8,20,365,70,62,67,55,55,56,120,2
"Nidoqueen",1.3,60,505,90,92,87,75,85,76,45,3
"Nidorana male",0.5,9,273,46,57,40,40,40,50,235,NA
"Nidorino",0.9,19.5,365,61,72,57,55,55,65,120,2
"Nidoking",1.4,62,505,81,102,77,85,75,85,45,3
"Clefairy",0.6,7.5,323,70,45,48,60,65,35,150,1
"Clefable",1.3,40,483,95,70,73,95,90,60,25,2
"Vulpix",0.6,9.9,299,38,41,40,50,65,65,190,1
"Alolan Vulpix",0.6,9.9,299,38,41,40,50,65,65,190,1
"Ninetales",1.1,19.9,505,73,76,75,81,100,100,75,2
"Alolan Ninetales",1.1,19.9,505,73,67,75,81,100,109,75,2
"Jigglypuff",0.5,5.5,270,115,45,20,45,25,20,170,1
"Wigglytuff",1,12,435,140,70,45,85,50,45,50,2
"Zubat",0.8,7.5,245,40,45,35,30,40,55,255,1
"Golbat",1.6,55,455,75,80,70,65,75,90,90,2
"Oddish",0.5,5.4,320,45,50,55,75,65,30,255,1
"Gloom",0.8,8.6,395,60,65,70,85,75,40,120,2
"Vileplume",1.2,18.6,490,75,80,85,110,90,50,45,3
"Paras",0.3,5.4,285,35,70,55,45,55,25,190,1
"Parasect",1,29.5,405,60,95,80,60,80,30,75,2
"Venonat",1,30,305,60,55,50,40,55,45,190,1
"Venomoth",1.5,12.5,450,70,65,60,90,75,90,75,2
"Diglett",0.2,0.8,265,10,55,25,35,45,95,255,1
"Alolan Diglett",0.2,1,265,10,55,30,35,45,90,255,1
"Dugtrio",0.7,33.3,425,35,100,50,50,70,120,50,2
"Alolan Dugtrio",0.7,66.6,425,35,100,60,50,70,110,50,2
"Meowth",0.4,4.2,290,40,45,35,40,40,90,255,1
"Alolan Meowth",0.4,4.2,290,40,35,35,50,40,90,255,1
"Persian",1,32,440,65,70,60,65,65,115,90,2
"Alolan Persian",1.1,33,440,65,60,60,75,65,115,90,2
"Psyduck",0.8,19.6,320,50,52,48,65,50,55,190,1
"Golduck",1.7,76.6,500,80,82,78,95,80,85,75,2
"Mankey",0.5,28,305,40,80,35,35,45,70,190,1
"Primeape",1,32,455,65,105,60,60,70,95,75,2
"Growlithe",0.7,19,350,55,70,45,70,50,60,190,1
"Arcanine",1.9,155,555,90,110,80,100,80,95,75,2
"Poliwag",0.6,12.4,300,40,50,40,40,40,90,255,1
"Poliwhirl",1,20,385,65,65,65,50,50,90,120,2
"Poliwrath",1.3,54,510,90,95,95,70,90,70,45,3
"Abra",0.9,19.5,310,25,20,15,105,55,90,200,1
"Kadabra",1.3,56.5,400,40,35,30,120,70,105,100,2
"Alakazam",1.5,48,500,55,50,45,135,95,120,50,3
"Mega Alakazam",1.2,48,600,55,50,65,175,105,150,50,NA
"Machop",0.8,19.5,305,70,80,50,35,35,35,180,1
"Machoke",1.5,70.5,405,80,100,70,50,60,45,90,2
"Machamp",1.6,130,505,90,130,80,65,85,55,45,3
"Bellsprout",0.7,4,300,50,75,35,70,30,40,255,1
"Weepinbell",1,6.4,390,65,90,50,85,45,55,120,2
"Victreebel",1.7,15.5,490,80,105,65,100,70,70,45,3
"Tentacool",0.9,45.5,335,40,40,35,50,100,70,190,1
"Tentacruel",1.6,55,515,80,70,65,80,120,100,60,2
"Geodude",0.4,20,300,40,80,100,30,30,20,255,1
"Alolan Geodude",0.4,20.3,300,40,80,100,30,30,20,255,1
"Graveler",1,105,390,55,95,115,45,45,35,120,2
"Alolan Graveler",1,110,390,55,95,115,45,45,35,120,2
"Golem",1.4,300,495,80,120,130,55,65,45,45,3
"Alolan Golem",1.7,316,495,80,120,130,55,65,45,45,3
"Ponyta",1,30,410,50,85,55,65,65,90,190,1
"Galarian Ponyta",0.8,24,410,50,85,55,65,65,90,190,1
"Rapidash",1.7,95,500,65,100,70,80,80,105,60,2
"Galarian Rapidash",1.7,80,500,65,100,70,80,80,105,60,2
"Slowpoke",1.2,36,315,90,65,65,40,40,15,190,1
"Galarian Slowpoke",1.2,36,315,90,65,65,40,40,15,190,1
"Slowbro",1.6,78.5,490,95,75,110,100,80,30,75,2
"Mega Slowbro",2,120,590,95,75,180,130,80,30,75,NA
"Magnemite",0.3,6,325,25,35,70,95,55,45,190,1
"Magneton",1,60,465,50,60,95,120,70,70,60,2
"Farfetch'd",0.8,15,377,52,90,55,58,62,60,45,1
"Doduo",1.4,39.2,310,35,85,45,35,35,75,190,1
"Dodrio",1.8,85.2,470,60,110,70,60,60,110,45,2
"Seel",1.1,90,325,65,45,55,45,70,45,190,1
"Dewgong",1.7,120,475,90,70,80,70,95,70,75,2
"Grimer",0.9,30,325,80,80,50,40,50,25,190,1
"Alolan Grimer",0.7,42,325,80,80,50,40,50,25,190,1
"Muk",1.2,30,500,105,105,75,65,100,50,75,2
"Alolan Muk",1,52,500,105,105,75,65,100,50,75,2
"Shellder",0.3,4,305,30,65,100,45,25,40,190,1
"Cloyster",1.5,132.5,525,50,95,180,85,45,70,60,2
"Gastly",1.3,0.1,310,30,35,30,100,35,80,190,1
"Haunter",1.6,0.1,405,45,50,45,115,55,95,90,2
"Gengar",1.5,40.5,500,60,65,60,130,75,110,45,3
"Mega Gengar",1.4,40.5,600,60,65,80,170,95,130,45,NA
"Onix",8.8,210,385,35,45,160,30,45,70,45,1
"Drowzee",1,32.4,328,60,48,45,43,90,42,190,1
"Hypno",1.6,75.6,483,85,73,70,73,115,67,75,2
"Krabby",0.4,6.5,325,30,105,90,25,25,50,225,1
"Kingler",1.3,60,475,55,130,115,50,50,75,60,2
"Voltorb",0.5,10.4,330,40,30,50,55,55,100,190,1
"Electrode",1.2,66.6,490,60,50,70,80,80,150,60,2
"Exeggcute",0.4,2.5,325,60,40,80,60,45,40,90,1
"Exeggutor",2,120,530,95,95,85,125,75,55,45,2
"Alolan Exeggutor",10.9,415.6,530,95,105,85,125,75,45,45,2
"Cubone",0.4,6.5,320,50,50,95,40,50,35,190,1
"Marowak",1,45,425,60,80,110,50,80,45,75,2
"Alolan Marowak",1,34,425,60,80,110,50,80,45,75,2
"Hitmonlee",1.5,49.8,455,50,120,53,35,110,87,45,1
"Hitmonchan",1.4,50.2,455,50,105,79,35,110,76,45,1
"Lickitung",1.2,65.5,385,90,55,75,60,75,30,45,1
"Koffing",0.6,1,340,40,65,95,60,45,35,190,1
"Weezing",1.2,9.5,490,65,90,120,85,70,60,60,2
"Galarian Weezing",3,16,490,65,90,120,85,70,60,60,2
"Rhyhorn",1,115,345,80,85,95,30,30,25,120,1
"Rhydon",1.9,120,485,105,130,120,45,45,40,60,2
"Chansey",1.1,34.6,450,250,5,5,35,105,50,30,1
"Tangela",1,35,435,65,55,115,100,40,60,45,1
"Kangaskhan",2.2,80,490,105,95,80,40,80,90,45,1
"Mega Kangaskhan",2.2,100,590,105,125,100,60,100,100,45,NA
"Horsea",0.4,8,295,30,40,70,70,25,60,225,1
"Seadra",1.2,25,440,55,65,95,95,45,85,75,2
"Goldeen",0.6,15,320,45,67,60,35,50,63,225,1
"Seaking",1.3,39,450,80,92,65,65,80,68,60,2
"Staryu",0.8,34.5,340,30,45,55,70,55,85,225,1
"Starmie",1.1,80,520,60,75,85,100,85,115,60,2
"Mr. Mime",1.3,54.5,460,40,45,65,100,120,90,45,1
"Scyther",1.5,56,500,70,110,80,55,80,105,45,1
"Jynx",1.4,40.6,455,65,50,35,115,95,95,45,1
"Electabuzz",1.1,30,490,65,83,57,95,85,105,45,1
"Magmar",1.3,44.5,495,65,95,57,100,85,93,45,1
"Pinsir",1.5,55,500,65,125,100,55,70,85,45,1
"Mega Pinsir",1.7,59,600,65,155,120,65,90,105,45,NA
"Tauros",1.4,88.4,490,75,100,95,40,70,110,45,1
"Magikarp",0.9,10,200,20,10,55,15,20,80,255,1
"Gyarados",6.5,235,540,95,125,79,60,100,81,45,2
"Mega Gyarados",6.5,305,640,95,155,109,70,130,81,45,NA
"Lapras",2.5,220,535,130,85,80,85,95,60,45,1
"Ditto",0.3,4,288,48,48,48,48,48,48,35,1
"Eevee",0.3,6.5,325,55,55,50,45,65,55,45,1
"Vaporeon",1,29,525,130,65,60,110,95,65,45,2
"Jolteon",0.8,24.5,525,65,65,60,110,95,130,45,2
"Flareon",0.9,25,525,65,130,60,95,110,65,45,2
"Porygon",0.8,36.5,395,65,60,70,85,75,40,45,1
"Omanyte",0.4,7.5,355,35,40,100,90,55,35,45,2
"Omastar",1,35,495,70,60,125,115,70,55,45,3
"Omastar",1,35,495,70,60,125,115,70,55,45,2
"Kabuto",0.5,11.5,355,30,80,90,55,45,55,45,2
"Kabutops",1.3,40.5,495,60,115,105,65,70,80,45,3
"Kabutops",1.3,40.5,495,60,115,105,65,70,80,45,2
"Aerodactyl",1.8,59,515,80,105,65,60,75,130,45,2
"Mega Aerodactyl",2.1,79,615,80,135,85,70,95,150,45,NA
"Snorlax",2.1,460,540,160,110,65,65,110,30,25,1
"Articuno",1.7,55.4,580,90,85,100,95,125,85,3,1
"Zapdos",1.6,52.6,580,90,90,85,125,90,100,3,1
"Moltres",2,60,580,90,100,90,125,85,90,3,1
"Dratini",1.8,3.3,300,41,64,45,50,50,50,45,1
"Dragonair",4,16.5,420,61,84,65,70,70,70,45,2
"Dragonite",2.2,210,600,91,134,95,100,100,80,45,3
"Mewtwo",2,122,680,106,110,90,154,90,130,3,1
"Mega Mewtwo X",2.3,127,780,106,190,100,154,100,130,3,NA
"Mega Mewtwo Y",1.5,33,780,106,150,70,194,120,140,3,NA
"Mew",0.4,4,600,100,100,100,100,100,100,45,1
"Chikorita",0.9,6.4,318,45,49,65,49,65,45,45,1
"Bayleef",1.2,15.8,405,60,62,80,63,80,60,45,2
"Meganium",1.8,100.5,525,80,82,100,83,100,80,45,3
"Cyndaquil",0.5,7.9,309,39,52,43,60,50,65,45,1
"Quilava",0.9,19,405,58,64,58,80,65,80,45,2
"Typhlosion",1.7,79.5,534,78,84,78,109,85,100,45,3
"Totodile",0.6,9.5,314,50,65,64,44,48,43,45,1
"Croconaw",1.1,25,405,65,80,80,59,63,58,45,2
"Feraligatr",2.3,88.8,530,85,105,100,79,83,78,45,3
"Sentret",0.8,6,215,35,46,34,35,45,20,255,1
"Furret",1.8,32.5,415,85,76,64,45,55,90,90,2
"Hoothoot",0.7,21.2,262,60,30,30,36,56,50,255,1
"Noctowl",1.6,40.8,452,100,50,50,86,96,70,90,2
"Ledyba",1,10.8,265,40,20,30,40,80,55,255,1
"Ledian",1.4,35.6,390,55,35,50,55,110,85,90,2
"Spinarak",0.5,8.5,250,40,60,40,40,40,30,255,1
"Ariados",1.1,33.5,400,70,90,70,60,70,40,90,2
"Crobat",1.8,75,535,85,90,80,70,80,130,90,3
"Chinchou",0.5,12,330,75,38,38,56,56,67,190,1
"Lanturn",1.2,22.5,460,125,58,58,76,76,67,75,2
"Pichu",0.3,2,205,20,40,15,35,35,60,190,1
"Cleffa",0.3,3,218,50,25,28,45,55,15,150,1
"Igglybuff",0.3,1,210,90,30,15,40,20,15,170,1
"Togepi",0.3,1.5,245,35,20,65,40,65,20,190,1
"Togetic",0.6,3.2,405,55,40,85,80,105,40,75,2
"Natu",0.2,2,320,40,50,45,70,45,70,190,1
"Xatu",1.5,15,470,65,75,70,95,70,95,75,2
"Mareep",0.6,7.8,280,55,40,40,65,45,35,235,1
"Flaaffy",0.8,13.3,365,70,55,55,80,60,45,120,2
"Ampharos",1.4,61.5,510,90,75,85,115,90,55,45,3
"Mega Ampharos",1.4,61.5,610,90,95,105,165,110,45,45,NA
"Bellossom",0.4,5.8,490,75,80,95,90,100,50,45,3
"Marill",0.4,8.5,250,70,20,50,20,50,40,190,1
"Azumarill",0.8,28.5,420,100,50,80,60,80,50,75,2
"Sudowoodo",1.2,38,410,70,100,115,30,65,30,65,1
"Politoed",1.1,33.9,500,90,75,75,90,100,70,45,3
"Hoppip",0.4,0.5,250,35,35,40,35,55,50,255,1
"Skiploom",0.6,1,340,55,45,50,45,65,80,120,2
"Jumpluff",0.8,3,460,75,55,70,55,95,110,45,3
"Aipom",0.8,11.5,360,55,70,55,40,55,85,45,1
"Sunkern",0.3,1.8,180,30,30,30,30,30,30,235,1
"Sunflora",0.8,8.5,425,75,75,55,105,85,30,120,2
"Yanma",1.2,38,390,65,65,45,75,45,95,75,1
"Wooper",0.4,8.5,210,55,45,45,25,25,15,255,1
"Quagsire",1.4,75,430,95,85,85,65,65,35,90,2
"Espeon",0.9,26.5,525,65,65,60,130,95,110,45,2
"Umbreon",1,27,525,95,65,110,60,130,65,45,2
"Murkrow",0.5,2.1,405,60,85,42,85,42,91,30,1
"Slowking",2,79.5,490,95,75,80,100,110,30,70,2
"Misdreavus",0.7,1,435,60,60,60,85,85,85,45,1
"Unown",0.5,5,336,48,72,48,72,48,48,225,1
"Wobbuffet",1.3,28.5,405,190,33,58,33,58,33,45,1
"Girafarig",1.5,41.5,455,70,80,65,90,65,85,60,1
"Pineco",0.6,7.2,290,50,65,90,35,35,15,190,1
"Forretress",1.2,125.8,465,75,90,140,60,60,40,75,2
"Dunsparce",1.5,14,415,100,70,70,65,65,45,190,1
"Gligar",1.1,64.8,430,65,75,105,35,65,85,60,1
"Steelix",9.2,400,510,75,85,200,55,65,30,25,2
"Mega Steelix",10.5,740,610,75,125,230,55,95,30,25,NA
"Snubbull",0.6,7.8,300,60,80,50,40,40,30,190,1
"Granbull",1.4,48.7,450,90,120,75,60,60,45,75,2
"Qwilfish",0.5,3.9,440,65,95,85,55,55,85,45,1
"Scizor",1.8,118,500,70,130,100,55,80,65,25,2
"Mega Scizor",2,125,600,70,150,140,65,100,75,25,NA
"Shuckle",0.6,20.5,505,20,10,230,10,230,5,190,1
"Heracross",1.5,54,500,80,125,75,40,95,85,45,1
"Mega Heracross",1.7,62.5,600,80,185,115,40,105,75,45,NA
"Sneasel",0.9,28,430,55,95,55,35,75,115,60,1
"Teddiursa",0.6,8.8,330,60,80,50,50,50,40,120,1
"Ursaring",1.8,125.8,500,90,130,75,75,75,55,60,2
"Slugma",0.7,35,250,40,40,40,70,40,20,190,1
"Magcargo",0.8,55,430,60,50,120,90,80,30,75,2
"Swinub",0.4,6.5,250,50,50,40,30,30,50,225,1
"Piloswine",1.1,55.8,450,100,100,80,60,60,50,75,2
"Corsola",0.6,5,410,65,55,95,65,95,35,60,1
"Galarian Corsola",0.6,0.5,410,60,55,100,65,100,30,60,1
"Remoraid",0.6,12,300,35,65,35,65,35,65,190,1
"Octillery",0.9,28.5,480,75,105,75,105,75,45,75,2
"Delibird",0.9,16,330,45,55,45,65,45,75,45,1
"Mantine",2.1,220,485,85,40,70,80,140,70,25,1
"Skarmory",1.7,50.5,465,65,80,140,40,70,70,25,1
"Houndour",0.6,10.8,330,45,60,30,80,50,65,120,1
"Houndoom",1.4,35,500,75,90,50,110,80,95,45,2
"Mega Houndoom",1.9,49.5,600,75,90,90,140,90,115,45,NA
"Kingdra",1.8,152,540,75,95,95,95,95,85,45,3
"Phanpy",0.5,33.5,330,90,60,60,40,40,40,120,1
"Donphan",1.1,120,500,90,120,120,60,60,50,60,2
"Porygon2",0.6,32.5,515,85,80,90,105,95,60,45,2
"Stantler",1.4,71.2,465,73,95,62,85,65,85,45,1
"Smeargle",1.2,58,250,55,20,35,20,45,75,45,1
"Tyrogue",0.7,21,210,35,35,35,35,35,35,75,1
"Hitmontop",1.4,48,455,50,95,95,35,110,70,45,1
"Smoochum",0.4,6,305,45,30,15,85,65,65,45,1
"Elekid",0.6,23.5,360,45,63,37,65,55,95,45,1
"Magby",0.7,21.4,365,45,75,37,70,55,83,45,1
"Miltank",1.2,75.5,490,95,80,105,40,70,100,45,1
"Blissey",1.5,46.8,540,255,10,10,75,135,55,30,2
"Raikou",1.9,178,580,90,85,75,115,100,115,3,1
"Entei",2.1,198,580,115,115,85,90,75,100,3,1
"Suicune",2,187,580,100,75,115,90,115,85,3,1
"Larvitar",0.6,72,300,50,64,50,45,50,41,45,1
"Pupitar",1.2,152,410,70,84,70,65,70,51,45,2
"Tyranitar",2,202,600,100,134,110,95,100,61,45,3
"Mega Tyranitar",2.5,255,700,100,164,150,95,120,71,45,NA
"Lugia",5.2,216,680,106,90,130,90,154,110,3,1
"Ho-oh",3.8,199,680,106,130,90,110,154,90,3,1
"Celebi",0.6,5,600,100,100,100,100,100,100,45,1
"Treecko",0.5,5,310,40,45,35,65,55,70,45,1
"Grovyle",0.9,21.6,405,50,65,45,85,65,95,45,2
"Sceptile",1.7,52.2,530,70,85,65,105,85,120,45,3
"Mega Sceptile",1.9,55.2,630,70,110,75,145,85,145,45,NA
"Torchic",0.4,2.5,310,45,60,40,70,50,45,45,1
"Combusken",0.9,19.5,405,60,85,60,85,60,55,45,2
"Blaziken",1.9,52,530,80,120,70,110,70,80,45,3
"Mega Blaziken",1.9,52,630,80,160,80,130,80,100,45,NA
"Mudkip",0.4,7.6,310,50,70,50,50,50,40,45,1
"Marshtomp",0.7,28,405,70,85,70,60,70,50,45,2
"Swampert",1.5,81.9,535,100,110,90,85,90,60,45,3
"Mega Swampert",1.9,102,635,100,150,110,95,110,70,45,NA
"Poochyena",0.5,13.6,220,35,55,35,30,30,35,255,1
"Mightyena",1,37,420,70,90,70,60,60,70,127,2
"Zigzagoon",0.4,17.5,240,38,30,41,30,41,60,255,1
"Galarian Zigzagoon",0.4,17.5,240,38,30,41,30,41,60,255,1
"Linoone",0.5,32.5,420,78,70,61,50,61,100,90,2
"Galarian Linoone",0.5,32.5,420,78,70,61,50,61,100,90,2
"Wurmple",0.3,3.6,195,45,45,35,20,30,20,255,1
"Silcoon",0.6,10,205,50,35,55,25,25,15,120,2
"Beautifly",1,28.4,395,60,70,50,100,50,65,45,3
"Cascoon",0.7,11.5,205,50,35,55,25,25,15,120,2
"Dustox",1.2,31.6,385,60,50,70,50,90,65,45,3
"Lotad",0.5,2.6,220,40,30,30,40,50,30,255,1
"Lombre",1.2,32.5,340,60,50,50,60,70,50,120,2
"Ludicolo",1.5,55,480,80,70,70,90,100,70,45,3
"Seedot",0.5,4,220,40,40,50,30,30,30,255,1
"Nuzleaf",1,28,340,70,70,40,60,40,60,120,2
"Shiftry",1.3,59.6,480,90,100,60,90,60,80,45,3
"Taillow",0.3,2.3,270,40,55,30,30,30,85,200,1
"Swellow",0.7,19.8,455,60,85,60,75,50,125,45,2
"Wingull",0.6,9.5,270,40,30,30,55,30,85,190,1
"Pelipper",1.2,28,440,60,50,100,95,70,65,45,2
"Ralts",0.4,6.6,198,28,25,25,45,35,40,235,1
"Kirlia",0.8,20.2,278,38,35,35,65,55,50,120,2
"Gardevoir",1.6,48.4,518,68,65,65,125,115,80,45,3
"Mega Gardevoir",1.6,48.4,618,68,85,65,165,135,100,45,NA
"Surskit",0.5,1.7,269,40,30,32,50,52,65,200,1
"Masquerain",0.8,3.6,454,70,60,62,100,82,80,75,2
"Shroomish",0.4,4.5,295,60,40,60,40,60,35,255,1
"Breloom",1.2,39.2,460,60,130,80,60,60,70,90,2
"Slakoth",0.8,24,280,60,60,60,35,35,30,255,1
"Vigoroth",1.4,46.5,440,80,80,80,55,55,90,120,2
"Slaking",2,130.5,670,150,160,100,95,65,100,45,3
"Nincada",0.5,5.5,266,31,45,90,30,30,40,255,1
"Ninjask",0.8,12,456,61,90,45,50,50,160,120,2
"Shedinja",0.8,1.2,236,1,90,45,30,30,40,45,2
"Shedinja",0.8,1.2,236,1,90,45,30,30,40,45,1
"Whismur",0.6,16.3,240,64,51,23,51,23,28,190,1
"Loudred",1,40.5,360,84,71,43,71,43,48,120,2
"Exploud",1.5,84,490,104,91,63,91,73,68,45,3
"Makuhita",1,86.4,237,72,60,30,20,30,25,180,1
"Hariyama",2.3,253.8,474,144,120,60,40,60,50,200,2
"Azurill",0.2,2,190,50,20,40,20,40,20,150,1
"Nosepass",1,97,375,30,45,135,45,90,30,255,1
"Skitty",0.6,11,260,50,45,45,35,35,50,255,1
"Delcatty",1.1,32.6,400,70,65,65,55,55,90,60,2
"Sableye",0.5,11,380,50,75,75,65,65,50,45,1
"Mega Sableye",0.5,161,480,50,85,125,85,115,20,45,NA
"Mawile",0.6,11.5,380,50,85,85,55,55,50,45,1
"Mega Mawile",1,23.5,480,50,105,125,55,95,50,45,NA
"Aron",0.4,60,330,50,70,100,40,40,30,180,1
"Lairon",0.9,120,430,60,90,140,50,50,40,90,2
"Aggron",2.1,360,530,70,110,180,60,60,50,45,3
"Mega Aggron",2.2,395,630,70,140,230,60,80,50,45,NA
"Meditite",0.6,11.2,280,30,40,55,40,55,60,180,1
"Medicham",1.3,31.5,410,60,60,75,60,75,80,90,2
"Mega Medicham",1.3,31.5,510,60,100,85,80,85,100,90,NA
"Electrike",0.6,15.2,295,40,45,40,65,40,65,120,1
"Manectric",1.5,40.2,475,70,75,60,105,60,105,45,2
"Mega Manectric",1.8,44,575,70,75,80,135,80,135,45,NA
"Plusle",0.4,4.2,405,60,50,40,85,75,95,200,1
"Minun",0.4,4.2,405,60,40,50,75,85,95,200,1
"Volbeat",0.7,17.7,430,65,73,75,47,85,85,150,1
"Illumise",0.6,17.7,430,65,47,75,73,85,85,150,1
"Roselia",0.3,2,400,50,60,45,100,80,65,150,1
"Gulpin",0.4,10.3,302,70,43,53,43,53,40,225,1
"Swalot",1.7,80,467,100,73,83,73,83,55,75,2
"Carvanha",0.8,20.8,305,45,90,20,65,20,65,225,1
"Sharpedo",1.8,88.8,460,70,120,40,95,40,95,60,2
"Mega Sharpedo",2.5,130.3,560,70,140,70,110,65,105,60,NA
"Wailmer",2,130,400,130,70,35,70,35,60,125,1
"Wailord",14.5,398,500,170,90,45,90,45,60,60,2
"Numel",0.7,24,305,60,60,40,65,45,35,255,1
"Camerupt",1.9,220,460,70,100,70,105,75,40,150,2
"Mega Camerupt",2.5,320.5,560,70,120,100,145,105,20,150,NA
"Torkoal",0.5,80.4,470,70,85,140,85,70,20,90,1
"Spoink",0.7,30.6,330,60,25,35,70,80,60,255,1
"Grumpig",0.9,71.5,470,80,45,65,90,110,80,60,2
"Spinda",1.1,5,360,60,60,60,60,60,60,255,1
"Trapinch",0.7,15,290,45,100,45,45,45,10,255,1
"Vibrava",1.1,15.3,340,50,70,50,50,50,70,120,2
"Flygon",2,82,520,80,100,80,80,80,100,45,3
"Cacnea",0.4,51.3,335,50,85,40,85,40,35,190,1
"Cacturne",1.3,77.4,475,70,115,60,115,60,55,60,2
"Swablu",0.4,1.2,310,45,40,60,40,75,50,255,1
"Altaria",1.1,20.6,490,75,70,90,70,105,80,45,2
"Mega Altaria",1.5,20.6,590,75,110,110,110,105,80,45,NA
"Zangoose",1.3,40.3,458,73,115,60,60,60,90,90,1
"Seviper",2.7,52.5,458,73,100,60,100,60,65,90,1
"Lunatone",1,168,460,90,55,65,95,85,70,45,1
"Solrock",1.2,154,460,90,95,85,55,65,70,45,1
"Barboach",0.4,1.9,288,50,48,43,46,41,60,190,1
"Whiscash",0.9,23.6,468,110,78,73,76,71,60,75,2
"Corphish",0.6,11.5,308,43,80,65,50,35,35,205,1
"Crawdaunt",1.1,32.8,468,63,120,85,90,55,55,155,2
"Baltoy",0.5,21.5,300,40,40,55,40,70,55,255,1
"Claydol",1.5,108,500,60,70,105,70,120,75,90,2
"Lileep",1,23.8,355,66,41,77,61,87,23,45,2
"Cradily",1.5,60.4,495,86,81,97,81,107,43,45,3
"Cradily",1.5,60.4,495,86,81,97,81,107,43,45,2
"Anorith",0.7,12.5,355,45,95,50,40,50,75,45,2
"Armaldo",1.5,68.2,495,75,125,100,70,80,45,45,3
"Armaldo",1.5,68.2,495,75,125,100,70,80,45,45,2
"Feebas",0.6,7.4,200,20,15,20,10,55,80,255,1
"Milotic",6.2,162,540,95,60,79,100,125,81,60,2
"Castform",0.3,0.8,420,70,70,70,70,70,70,45,1
"Castform Sunny Form",0.3,0.8,420,70,70,70,70,70,70,45,1
"Castform Rainy Form",0.3,0.8,420,70,70,70,70,70,70,45,1
"Castform Snowy Form",0.3,0.8,420,70,70,70,70,70,70,45,1
"Kecleon",1,22,440,60,90,70,60,120,40,200,1
"Shuppet",0.6,2.3,295,44,75,35,63,33,45,225,1
"Banette",1.1,12.5,455,64,115,65,83,63,65,45,2
"Mega Banette",1.2,13,555,64,165,75,93,83,75,45,NA
"Duskull",0.8,15,295,20,40,90,30,90,25,190,1
"Dusclops",1.6,30.6,455,40,70,130,60,130,25,90,2
"Tropius",2,100,460,99,68,83,72,87,51,200,1
"Chimecho",0.6,1,455,75,50,80,95,90,65,45,1
"Absol",1.2,47,465,65,130,60,75,60,75,30,1
"Mega Absol",1.2,49,565,65,150,60,115,60,115,30,NA
"Wynaut",0.6,14,260,95,23,48,23,48,23,125,1
"Snorunt",0.7,16.8,300,50,50,50,50,50,50,190,1
"Glalie",1.5,256.5,480,80,80,80,80,80,80,75,2
"Mega Glalie",2.1,350.2,580,80,120,80,120,80,100,75,NA
"Spheal",0.8,39.5,290,70,40,50,55,50,25,255,1
"Sealeo",1.1,87.6,410,90,60,70,75,70,45,120,2
"Walrein",1.4,150.6,530,110,80,90,95,90,65,45,3
"Clamperl",0.4,52.5,345,35,64,85,74,55,32,255,1
"Huntail",1.7,27,485,55,104,105,94,75,52,60,2
"Gorebyss",1.8,22.6,485,55,84,105,114,75,52,60,2
"Relicanth",1,23.4,485,100,90,130,45,65,55,25,1
"Luvdisc",0.6,8.7,330,43,30,55,40,65,97,225,1
"Bagon",0.6,42.1,300,45,75,60,40,30,50,45,1
"Shelgon",1.1,110.5,420,65,95,100,60,50,50,45,2
"Salamence",1.5,102.6,600,95,135,80,110,80,100,45,3
"Mega Salamence",1.8,112.6,700,95,145,130,120,90,120,45,NA
"Beldum",0.6,95.2,300,40,55,80,35,60,30,3,1
"Metang",1.2,202.5,420,60,75,100,55,80,50,3,2
"Metagross",1.6,550,600,80,135,130,95,90,70,3,3
"Mega Metagross",2.5,942.9,700,80,145,150,105,110,110,3,NA
"Regirock",1.7,230,580,80,100,200,50,100,50,3,1
"Regice",1.8,175,580,80,50,100,100,200,50,3,1
"Registeel",1.9,205,580,80,75,150,75,150,50,3,1
"Latias",1.4,40,600,80,80,90,110,130,110,3,1
"Mega Latias",1.8,52,700,80,100,120,140,150,110,3,NA
"Latios",2,60,600,80,90,80,130,110,110,3,1
"Mega Latios",2.3,70,700,80,130,100,160,120,110,3,NA
"Kyogre",4.5,352,670,100,100,90,150,140,90,3,1
"Primal Kyogre",9.8,430,770,100,150,90,180,160,90,5,NA
"Groudon",3.5,950,670,100,150,140,100,90,90,3,1
"Primal Groudon",5,999.7,770,100,180,160,150,90,90,5,NA
"Rayquaza",7,206.5,680,105,150,90,150,90,95,45,1
"Mega Rayquaza",10.8,392,780,105,180,100,180,100,115,3,NA
"Jirachi",0.3,1.1,600,100,100,100,100,100,100,3,1
"Deoxys Normal Forme",1.7,60.8,600,50,150,50,150,50,150,3,1
"DeoxysAttack Forme",1.7,60.8,600,50,180,20,180,20,150,3,NA
"Deoxys Defense Forme",1.7,60.8,600,50,70,160,70,160,90,3,1
"Deoxys Speed Forme",1.7,60.8,600,50,95,90,95,90,180,3,1
"Turtwig",0.4,10.2,318,55,68,64,45,55,31,45,1
"Grotle",1.1,97,405,75,89,85,55,65,36,45,2
"Torterra",2.2,310,525,95,109,105,75,85,56,45,3
"Chimchar",0.5,6.2,309,44,58,44,58,44,61,45,1
"Monferno",0.9,22,405,64,78,52,78,52,81,45,2
"Infernape",1.2,55,534,76,104,71,104,71,108,45,3
"Piplup",0.4,5.2,314,53,51,53,61,56,40,45,1
"Prinplup",0.8,23,405,64,66,68,81,76,50,45,2
"Empoleon",1.7,84.5,530,84,86,88,111,101,60,45,3
"Starly",0.3,2,245,40,55,30,30,30,60,255,1
"Staravia",0.6,15.5,340,55,75,50,40,40,80,120,2
"Staraptor",1.2,24.9,485,85,120,70,50,60,100,45,3
"Bidoof",0.5,20,250,59,45,40,35,40,31,255,1
"Bibarel",1,31.5,410,79,85,60,55,60,71,127,2
"Kricketot",0.3,2.2,194,37,25,41,25,41,25,255,1
"Kricketune",1,25.5,384,77,85,51,55,51,65,45,2
"Shinx",0.5,9.5,263,45,65,34,40,34,45,235,1
"Luxio",0.9,30.5,363,60,85,49,60,49,60,120,2
"Luxray",1.4,42,523,80,120,79,95,79,70,45,3
"Budew",0.2,1.2,280,40,30,35,50,70,55,255,1
"Roserade",0.9,14.5,515,60,70,65,125,105,90,75,2
"Cranidos",0.9,31.5,350,67,125,40,30,30,58,45,2
"Rampardos",1.6,102.5,495,97,165,60,65,50,58,45,3
"Shieldon",0.5,57,350,30,42,118,42,88,30,45,2
"Bastiodon",1.3,149.5,495,60,52,168,47,138,30,45,3
"Bastiodon",1.3,149.5,495,60,52,168,47,138,30,45,2
"Burmy",0.2,3.4,224,40,29,45,29,45,36,120,1
"Wormadam",0.5,6.5,424,60,79,105,59,85,36,45,2
"Mothim",0.9,23.3,424,70,94,50,94,50,66,45,2
"Combee",0.3,5.5,244,30,30,42,30,42,70,120,1
"Vespiquen",1.2,38.5,474,70,80,102,80,102,40,45,2
"Pachirisu",0.4,3.9,405,60,45,70,45,90,95,200,1
"Buizel",0.7,29.5,330,55,65,35,60,30,85,190,1
"Floatzel",1.1,33.5,495,85,105,55,85,50,115,75,2
"Cherubi",0.4,3.3,275,45,35,45,62,53,35,190,1
"Cherrim",0.5,9.3,450,70,60,70,87,78,85,75,2
"Shellos",0.3,6.3,325,76,48,48,57,62,34,190,1
"Gastrodon",0.9,29.9,475,111,83,68,92,82,39,75,2
"Ambipom",1.2,20.3,482,75,100,66,60,66,115,45,2
"Drifloon",0.4,1.2,348,90,50,34,60,44,70,125,1
"Drifblim",1.2,15,498,150,80,44,90,54,80,60,2
"Buneary",0.4,5.5,350,55,66,44,44,56,85,190,1
"Lopunny",1.2,33.3,480,65,76,84,54,96,105,60,2
"Mega Lopunny",1.3,28.3,580,65,136,94,54,96,135,60,NA
"Mismagius",0.9,4.4,495,60,60,60,105,105,105,45,2
"Honchkrow",0.9,27.3,505,100,125,52,105,52,71,30,2
"Glameow",0.5,3.9,310,49,55,42,42,37,85,190,1
"Purugly",1,43.8,452,71,82,64,64,59,112,75,2
"Chingling",0.2,0.6,285,45,30,50,65,50,45,120,1
"Stunky",0.4,19.2,329,63,63,47,41,41,74,225,1
"Skuntank",1,38,479,103,93,67,71,61,84,60,2
"Bronzor",0.5,60.5,300,57,24,86,24,86,23,255,1
"Bronzong",1.3,187,500,67,89,116,79,116,33,90,2
"Bonsly",0.5,15,290,50,80,95,10,45,10,255,1
"Mime Jr.",0.6,13,310,20,25,45,70,90,60,145,1
"Happiny",0.6,24.4,220,100,5,5,15,65,30,130,1
"Chatot",0.5,1.9,411,76,65,45,92,42,91,30,1
"Spiritomb",1,108,485,50,92,108,92,108,35,100,1
"Gible",0.7,20.5,300,58,70,45,40,45,42,45,1
"Gabite",1.4,56,410,68,90,65,50,55,82,45,2
"Garchomp",1.9,95,600,108,130,95,80,85,102,45,3
"Mega Garchomp",1.9,95,700,108,170,115,120,95,92,45,NA
"Munchlax",0.6,105,390,135,85,40,40,85,5,50,1
"Riolu",0.7,20.2,285,40,70,40,35,40,60,75,1
"Lucario",1.2,54,525,70,110,70,115,70,90,45,2
"Mega Lucario",1.3,57.5,625,70,145,88,140,70,112,45,NA
"Hippopotas",0.8,49.5,330,68,72,78,38,42,32,140,1
"Hippowdon",2,300,525,108,112,118,68,72,47,60,2
"Skorupi",0.8,12,330,40,50,90,30,55,65,120,1
"Drapion",1.3,61.5,500,70,90,110,60,75,95,45,2
"Croagunk",0.7,23,300,48,61,40,61,40,50,140,1
"Toxicroak",1.3,44.4,490,83,106,65,86,65,85,75,2
"Carnivine",1.4,27,454,74,100,72,90,72,46,200,1
"Finneon",0.4,7,330,49,49,56,49,61,66,190,1
"Lumineon",1.2,24,460,69,69,76,69,86,91,75,2
"Mantyke",1,65,345,45,20,50,60,120,50,25,1
"Snover",1,50.5,334,60,62,50,62,60,40,120,1
"Abomasnow",2.2,135.5,494,90,92,75,92,85,60,60,2
"Mega Abomasnow",2.7,185,594,90,132,105,132,105,30,60,NA
"Weavile",1.1,34,510,70,120,65,45,85,125,45,2
"Magnezone",1.2,180,535,70,70,115,130,90,60,30,3
"Lickilicky",1.7,140,515,110,85,95,80,95,50,30,2
"Rhyperior",2.4,282.8,535,115,140,130,55,55,40,30,3
"Tangrowth",2,128.6,535,100,100,125,110,50,50,30,2
"Electivire",1.8,138.6,540,75,123,67,95,85,95,30,2
"Magmortar",1.6,68,540,75,95,67,125,95,83,30,2
"Togekiss",1.5,38,545,85,50,95,120,115,80,30,3
"Yanmega",1.9,51.5,515,86,76,86,116,56,95,30,2
"Leafeon",1,25.5,525,65,110,130,60,65,95,45,2
"Glaceon",0.8,25.9,525,65,60,110,130,95,65,45,2
"Gliscor",2,42.5,510,75,95,125,45,75,95,30,2
"Mamoswine",2.5,291,530,110,130,80,70,60,80,50,3
"Porygon-Z",0.9,34,535,85,80,70,135,75,90,30,3
"Gallade",1.6,52,518,68,125,65,65,115,80,45,3
"Mega Gallade",1.6,56.4,618,68,165,95,65,115,110,45,NA
"Probopass",1.4,340,525,60,55,145,75,150,40,60,2
"Dusknoir",2.2,106.6,525,45,100,135,65,135,45,45,3
"Froslass",1.3,26.6,480,70,80,70,80,70,110,75,2
"Rotom",0.3,0.3,440,50,50,77,95,77,91,45,1
"Heat Rotom",0.3,0.3,520,50,65,107,105,107,86,45,1
"Wash Rotom",0.3,0.3,520,50,65,107,105,107,86,45,1
"Frost Rotom",0.3,0.3,520,50,65,107,105,107,86,45,1
"Fan Rotom",0.3,0.3,520,50,65,107,105,107,86,45,1
"Mow Rotom",0.3,0.3,520,50,65,107,105,107,86,45,1
"Uxie",0.3,0.3,580,75,75,130,75,130,95,3,1
"Mesprit",0.3,0.3,580,80,105,105,105,105,80,3,1
"Azelf",0.3,0.3,580,75,125,70,125,70,115,3,1
"Dialga",5.4,683,680,100,120,120,150,100,90,3,1
"Palkia",4.2,336,680,90,120,100,150,120,100,3,1
"Heatran",1.7,430,600,91,90,106,130,106,77,3,1
"Regigigas",3.7,420,670,110,160,110,80,110,100,3,1
"Altered Forme Giratina",4.5,750,680,150,100,120,100,120,90,3,NA
"Origin Forme Giratina",6.9,650,680,150,120,100,120,100,90,3,NA
"Cresselia",1.5,85.6,600,120,70,120,75,130,85,3,1
"Phione",0.4,3.1,480,80,80,80,80,80,80,30,1
"Manaphy",0.3,1.4,600,100,100,100,100,100,100,3,1
"Darkrai",1.5,50.5,600,70,90,90,135,90,125,3,1
"Shaymin Land Forme",0.2,2.1,600,100,100,100,100,100,100,45,NA
"Shaymin Sky Forme",0.4,5.2,600,100,103,75,120,75,127,45,NA
"Arceus",3.2,320,720,120,120,120,120,120,120,3,1
"Victini",0.4,4,600,100,100,100,100,100,100,3,1
"Snivy",0.6,8.1,308,45,45,55,45,55,63,45,1
"Servine",0.8,16,413,60,60,75,60,75,83,45,2
"Serperior",3.3,63,528,75,75,95,75,95,113,45,3
"Tepig",0.5,9.9,308,65,63,45,45,45,45,45,1
"Pignite",1,55.5,418,90,93,55,70,55,55,45,2
"Emboar",1.6,150,528,110,123,65,100,65,65,45,3
"Oshawott",0.5,5.9,308,55,55,45,63,45,45,45,1
"Dewott",0.8,24.5,413,75,75,60,83,60,60,45,2
"Samurott",1.5,94.6,528,95,100,85,108,70,70,45,3
"Patrat",0.5,11.6,255,45,55,39,35,39,42,255,1
"Watchog",1.1,27,420,60,85,69,60,69,77,255,2
"Lillipup",0.4,4.1,275,45,60,45,25,45,55,255,1
"Herdier",0.9,14.7,370,65,80,65,35,65,60,120,2
"Stoutland",1.2,61,500,85,110,90,45,90,80,45,3
"Purrloin",0.4,10.1,281,41,50,37,50,37,66,255,1
"Liepard",1.1,37.5,446,64,88,50,88,50,106,90,2
"Pansage",0.6,10.5,316,50,53,48,53,48,64,190,1
"Simisage",1.1,30.5,498,75,98,63,98,63,101,75,2
"Pansear",0.6,11,316,50,53,48,53,48,64,190,1
"Simisear",1,28,498,75,98,63,98,63,101,75,2
"Panpour",0.6,13.5,316,50,53,48,53,48,64,190,1
"Simipour",1,29,498,75,98,63,98,63,101,75,2
"Munna",0.6,23.3,292,76,25,45,67,55,24,190,1
"Musharna",1.1,60.5,487,116,55,85,107,95,29,75,2
"Pidove",0.3,2.1,264,50,55,50,36,30,43,255,1
"Tranquill",0.6,15,358,62,77,62,50,42,65,120,2
"Unfezant",1.2,29,488,80,115,80,65,55,93,45,3
"Blitzle",0.8,29.8,295,45,60,32,50,32,76,190,1
"Zebstrika",1.6,79.5,497,75,100,63,80,63,116,75,2
"Roggenrola",0.4,18,280,55,75,85,25,25,15,255,1
"Boldore",0.9,102,390,70,105,105,50,40,20,120,2
"Gigalith",1.7,260,515,85,135,130,60,80,25,45,3
"Woobat",0.4,2.1,323,65,45,43,55,43,72,190,1
"Swoobat",0.9,10.5,425,67,57,55,77,55,114,45,2
"Drilbur",0.3,8.5,328,60,85,40,30,45,68,120,1
"Excadrill",0.7,40.4,508,110,135,60,50,65,88,60,2
"Audino",1.1,31,445,103,60,86,60,86,50,255,1
"Mega Audino",1.5,32,545,103,60,126,80,126,50,255,NA
"Timburr",0.6,12.5,305,75,80,55,25,35,35,180,1
"Gurdurr",1.2,40,405,85,105,85,40,50,40,90,2
"Conkeldurr",1.4,87,505,105,140,95,55,65,45,45,3
"Tympole",0.5,4.5,294,50,50,40,50,40,64,255,1
"Palpitoad",0.8,17,384,75,65,55,65,55,69,120,2
"Seismitoad",1.5,62,509,105,95,75,85,75,74,45,3
"Throh",1.3,55.5,465,120,100,85,30,85,45,45,1
"Sawk",1.4,51,465,75,125,75,30,75,85,45,1
"Sewaddle",0.3,2.5,310,45,53,70,40,60,42,255,1
"Swadloon",0.5,7.3,380,55,63,90,50,80,42,120,2
"Leavanny",1.2,20.5,500,75,103,80,70,80,92,45,3
"Venipede",0.4,5.3,260,30,45,59,30,39,57,255,1
"Whirlipede",1.2,58.5,360,40,55,99,40,79,47,120,2
"Scolipede",2.5,200.5,485,60,100,89,55,69,112,45,3
"Cottonee",0.3,0.6,280,40,27,60,37,50,66,190,1
"Whimsicott",0.7,6.6,480,60,67,85,77,75,116,75,2
"Petilil",0.5,6.6,280,45,35,50,70,50,30,190,1
"Lilligant",1.1,16.3,480,70,60,75,110,75,90,75,2
"Basculin Red-Striped Form",1,18,460,70,92,65,80,55,98,25,NA
"Basculin Blue-Striped Form",1,18,460,70,92,65,80,55,98,25,NA
"Sandile",0.7,15.2,292,50,72,35,35,35,65,180,1
"Krokorok",1,33.4,351,60,82,45,45,45,74,90,2
"Krookodile",1.5,96.3,519,95,117,80,65,70,92,45,3
"Darumaka",0.6,37.5,315,70,90,45,15,45,50,120,1
"Galarian Darumaka",0.7,40,315,70,90,45,15,45,50,NA,1
"Darmanitan Standard Mode",1.3,92.9,480,105,140,55,30,55,95,60,NA
"Darmanitan Zen Mode",1.3,92.9,540,105,30,105,140,105,55,60,NA
"Galarian Standard Mode Darmanitan",1.7,120,480,105,140,55,30,55,95,60,NA
"Galarian Zen Mode Darmanitan",1.7,120,540,105,160,55,30,55,135,60,NA
"Maractus",1,28,461,75,86,67,106,67,60,255,1
"Dwebble",0.3,14.5,325,50,65,85,35,35,55,190,1
"Crustle",1.4,200,485,70,105,125,65,75,45,75,2
"Scraggy",0.6,11.8,348,50,75,70,35,70,48,180,1
"Scrafty",1.1,30,488,65,90,115,45,115,58,90,2
"Sigilyph",1.4,14,490,72,58,80,103,80,97,45,1
"Yamask",0.5,1.5,303,38,30,85,55,65,30,190,1
"Galarian Yamask",0.5,1.5,303,38,55,85,30,65,30,190,1
"Cofagrigus",1.7,76.5,483,58,50,145,95,105,30,90,2
"Tirtouga",0.7,16.5,355,54,78,103,53,45,22,45,2
"Carracosta",1.2,81,495,74,108,133,83,65,32,45,2
"Carracosta",1.2,81,495,74,108,133,83,65,32,45,3
"Archen",0.5,9.5,401,55,112,45,74,45,70,45,2
"Archeops",1.4,32,567,75,140,65,112,65,110,45,2
"Archeops",1.4,32,567,75,140,65,112,65,110,45,3
"Trubbish",0.6,31,329,50,50,62,40,62,65,190,1
"Garbodor",1.9,107.3,474,80,95,82,60,82,75,60,2
"Zorua",0.7,12.5,330,40,65,40,80,40,65,75,1
"Zoroark",1.6,81.1,510,60,105,60,120,60,105,45,2
"Minccino",0.4,5.8,300,55,50,40,40,40,75,255,1
"Cinccino",0.5,7.5,470,75,95,60,65,60,115,60,2
"Gothita",0.4,5.8,290,45,30,50,55,65,45,200,1
"Gothorita",0.7,18,390,60,45,70,75,85,55,100,2
"Gothitelle",1.5,44,490,70,55,95,95,110,65,50,3
"Solosis",0.3,1,290,45,30,40,105,50,20,200,1
"Duosion",0.6,8,370,65,40,50,125,60,30,100,2
"Reuniclus",1,20.1,490,110,65,75,125,85,30,50,3
"Ducklett",0.5,5.5,305,62,44,50,44,50,55,190,1
"Swanna",1.3,24.2,473,75,87,63,87,63,98,45,2
"Vanillite",0.4,5.7,305,36,50,50,65,60,44,255,1
"Vanillish",1.1,41,395,51,65,65,80,75,59,120,2
"Vanilluxe",1.3,57.5,535,71,95,85,110,95,79,45,3
"Deerling",0.6,19.5,335,60,60,50,40,50,75,190,1
"Sawsbuck",1.9,92.5,475,80,100,70,60,70,95,75,2
"Emolga",0.4,5,428,55,75,60,75,60,103,200,1
"Karrablast",0.5,5.9,315,50,75,45,40,45,60,200,1
"Escavalier",1,33,495,70,135,105,60,105,20,75,2
"Foongus",0.2,1,294,69,55,45,55,55,15,190,1
"Amoonguss",0.6,10.5,464,114,85,70,85,80,30,75,2
"Frillish",1.2,33,335,55,40,50,65,85,40,190,1
"Jellicent",2.2,135,480,100,60,70,85,105,60,60,2
"Alomomola",1.2,31.6,470,165,75,80,40,45,65,75,1
"Joltik",0.1,0.6,319,50,47,50,57,50,65,190,1
"Galvantula",0.8,14.3,472,70,77,60,97,60,108,75,2
"Ferroseed",0.6,18.8,305,44,50,91,24,86,10,255,1
"Ferrothorn",1,110,489,74,94,131,54,116,20,90,2
"Klink",0.3,21,300,40,55,70,45,60,30,130,1
"Klang",0.6,51,440,60,80,95,70,85,50,60,2
"Klinklang",0.6,81,520,60,100,115,70,85,90,30,3
"Tynamo",0.2,0.3,275,35,55,40,45,40,60,190,1
"Eelektrik",1.2,22,405,65,85,70,75,70,40,60,2
"Eelektross",2.1,80.5,515,85,115,80,105,80,50,30,3
"Elgyem",0.5,9,335,55,55,55,85,55,30,255,1
"Beheeyem",1,34.5,485,75,75,75,125,95,40,90,2
"Litwick",0.3,3.1,275,50,30,55,65,55,20,190,1
"Lampent",0.6,13,370,60,40,60,95,60,55,90,2
"Chandelure",1,34.3,520,60,55,90,145,90,80,45,3
"Axew",0.6,18,320,46,87,60,30,40,57,75,1
"Fraxure",1,36,410,66,117,70,40,50,67,60,2
"Haxorus",1.8,105.5,540,76,147,90,60,70,97,45,3
"Cubchoo",0.5,8.5,305,55,70,40,60,40,40,120,1
"Beartic",2.6,260,505,95,130,80,70,80,50,60,2
"Cryogonal",1.1,148,515,80,50,50,95,135,105,25,1
"Shelmet",0.4,7.7,305,50,40,85,40,65,25,200,1
"Accelgor",0.8,25.3,495,80,70,40,100,60,145,75,2
"Stunfisk",0.7,11,471,109,66,84,81,99,32,75,1
"Galarian Stunfisk",0.7,20.5,471,109,81,99,66,84,32,75,1
"Mienfoo",0.9,20,350,45,85,50,55,50,65,180,1
"Mienshao",1.4,35.5,510,65,125,60,95,60,105,45,2
"Druddigon",1.6,139,485,77,120,90,60,90,48,45,1
"Golett",1,92,303,59,74,50,35,50,35,190,1
"Golurk",2.8,330,483,89,124,80,55,80,55,90,2
"Pawniard",0.5,10.2,340,45,85,70,40,40,60,120,1
"Bisharp",1.6,70,490,65,125,100,60,70,70,45,2
"Bouffalant",1.6,94.6,490,95,110,95,40,95,55,45,1
"Rufflet",0.5,10.5,350,70,83,50,37,50,60,190,1
"Braviary",1.5,41,510,100,123,75,57,75,80,60,2
"Vullaby",0.5,9,370,70,55,75,45,65,60,190,1
"Mandibuzz",1.2,39.5,510,110,65,105,55,95,80,60,2
"Heatmor",1.4,58,484,85,97,66,105,66,65,90,1
"Durant",0.3,33,484,58,109,112,48,48,109,90,1
"Deino",0.8,17.3,300,52,65,50,45,50,38,45,1
"Zweilous",1.4,50,420,72,85,70,65,70,58,45,2
"Hydreigon",1.8,160,600,92,105,90,125,90,98,45,3
"Larvesta",1.1,28.8,360,55,85,55,50,55,60,45,1
"Volcarona",1.6,46,550,85,60,65,135,105,100,15,2
"Cobalion",2.1,250,580,91,90,129,90,72,108,3,1
"Terrakion",1.9,260,580,91,129,90,72,90,108,3,1
"Virizion",2,200,580,91,90,72,90,129,108,3,1
"Tornadus Incarnate Forme",1.5,63,580,79,115,70,125,80,111,3,NA
"Tornadus Therian Forme",1.4,63,580,79,100,80,110,90,121,3,NA
"Thudurus Incarnate Forme",1.5,61,580,79,115,70,125,80,111,3,NA
"Thundurus Therian Forme",3,61,580,79,105,70,145,80,101,3,NA
"Reshiram",3.2,330,680,100,120,100,150,120,90,3,1
"Zekrom",2.9,345,680,100,150,120,120,100,90,3,1
"Landorus Incarnate Forme",1.5,68,600,89,125,90,115,80,101,3,NA
"Landorus Therian Forme",1.3,68,600,89,145,90,105,80,91,3,NA
"Kyurem",3,325,660,125,130,90,130,90,95,3,1
"Black Kyurem",3.3,325,700,125,170,100,120,90,95,3,1
"White Kyurem",3.6,325,700,125,120,90,170,100,95,3,1
"Keldeo Ordinary Forme",1.4,48.5,580,91,72,90,129,90,108,3,NA
"Keldeo Resolute Forme",1.4,48.5,580,91,72,90,129,90,108,3,NA
"Meloetta Aria Forme",0.6,6.5,600,100,77,77,128,128,90,3,NA
"Meloetta Pirouette Forme",0.6,6.5,600,100,128,90,77,77,128,3,NA
"Genesect",1.5,82.5,600,71,120,95,120,95,99,3,1
"Chespin",0.4,9,313,56,61,65,48,45,38,45,1
"Quilladin",0.7,29,405,61,78,95,56,58,57,45,2
"Chesnaught",1.6,90,530,88,107,122,74,75,64,45,3
"Fennekin",0.4,9.4,307,40,45,40,62,60,60,45,1
"Braixen",1,14.5,409,59,59,58,90,70,73,45,2
"Delphox",1.5,39,534,75,69,72,114,100,104,45,3
"Froakie",0.3,7,314,41,56,40,62,44,71,45,1
"Frogadier",0.6,10.9,405,54,63,52,83,56,97,45,2
"Greninja",1.5,40,530,72,95,67,103,71,122,45,3
"Bunnelby",0.4,5,237,38,36,38,32,36,57,255,1
"Diggersby",1,42.4,423,85,56,77,50,77,78,127,2
"Fletchling",0.3,1.7,278,45,50,43,40,38,62,255,1
"Fletchinder",0.7,16,382,62,73,55,56,52,84,120,2
"Talonflame",1.2,24.5,499,78,81,71,74,69,126,45,3
"Scatterbug",0.3,2.5,200,38,35,40,27,25,35,255,1
"Spewpa",0.3,8.4,213,45,22,60,27,30,29,120,2
"Vivillon",1.2,17,411,80,52,50,90,50,89,45,3
"Litleo",0.6,13.5,369,62,50,58,73,54,72,220,1
"Pyroar",1.5,81.5,507,86,68,72,109,66,106,65,2
"Flabebe",0.1,0.1,303,44,38,39,61,79,42,225,NA
"Floette",0.2,0.9,371,54,45,47,75,98,52,120,2
"Florges",1.1,10,552,78,65,68,112,154,75,45,3
"Skiddo",0.9,31,350,66,65,48,62,57,52,200,1
"Gogoat",1.7,91,531,123,100,62,97,81,68,45,2
"Pancham",0.6,8,348,67,82,62,46,48,43,220,1
"Pangoro",2.1,136,495,95,124,78,69,71,58,65,2
"Furfrou",1.2,28,472,75,80,60,65,90,102,160,1
"Espurr",0.3,3.5,355,62,48,54,63,60,68,190,1
"Meowstic Male",0.6,8.5,466,74,48,76,83,81,104,75,NA
"Meowstic Female",0.6,8.5,466,74,48,76,83,81,104,75,NA
"Honedge",0.8,2,325,45,80,100,35,37,28,180,1
"Doublade",0.8,4.5,448,59,110,150,45,49,35,90,2
"Aegislash Blade Forme",1.7,53,520,60,150,50,150,50,60,45,NA
"Aegislash Shield Forme",1.7,53,520,60,50,150,50,150,60,45,NA
"Spritzee",0.2,0.5,341,78,52,60,63,65,23,200,1
"Aromatisse",0.8,15.5,462,101,72,72,99,89,29,140,2
"Swirlix",0.4,3.5,341,62,48,66,59,57,49,200,1
"Slurpuff",0.8,5,480,82,80,86,85,75,72,140,2
"Inkay",0.4,3.5,288,53,54,53,37,46,45,190,1
"Malamar",1.5,47,482,86,92,88,68,75,73,80,2
"Binacle",0.5,31,306,42,52,67,39,56,50,120,1
"Barbaracle",1.3,96,500,72,105,115,54,86,68,45,2
"Skrelp",0.5,7.3,320,50,60,60,60,60,30,225,1
"Dragalge",1.8,81.5,494,65,75,90,97,123,44,55,2
"Clauncher",0.5,8.3,330,50,53,62,58,63,44,225,1
"Clawitzer",1.3,35.3,500,71,73,88,120,89,59,55,2
"Helioptile",0.5,6,289,44,38,33,61,43,70,190,1
"Heliolisk",1,21,481,62,55,52,109,94,109,75,2
"Tyrunt",0.8,26,362,58,89,77,45,45,48,45,2
"Tyrantrum",2.5,270,521,82,121,119,69,59,71,45,2
"Tyrantrum",2.5,270,521,82,121,119,69,59,71,45,3
"Amaura",1.3,25.2,362,77,59,50,67,63,46,45,2
"Aurorus",2.7,225,521,123,77,72,99,92,58,45,2
"Aurorus",2.7,225,521,123,77,72,99,92,58,45,3
"Sylveon",1,23.5,525,95,65,65,110,130,60,45,2
"Hawlucha",0.8,21.5,500,78,92,75,74,63,118,100,1
"Dedenne",0.2,2.2,431,67,58,57,81,67,101,180,1
"Carbink",0.3,5.7,500,50,50,150,50,150,50,60,1
"Goomy",0.3,2.8,300,45,50,35,55,75,40,45,1
"Sliggoo",0.8,17.5,452,68,75,53,83,113,60,45,2
"Goodra",2,150.5,600,90,100,70,110,150,80,45,3
"Klefki",0.2,3,470,57,80,91,80,87,75,75,1
"Phantump",0.4,7,309,43,70,48,50,60,38,120,1
"Trevenant",1.5,71,474,85,110,76,65,82,56,60,2
"Pumpkaboo",0.8,15,335,59,66,70,44,55,41,120,1
"Gourgeist",0.9,12.5,494,65,90,122,58,75,84,60,2
"Bergmite",1,99.5,304,55,69,85,32,35,28,190,1
"Avalugg",2,505,514,95,117,184,44,46,28,55,2
"Noibat",0.5,8,245,40,30,35,45,40,55,190,1
"Noivern",1.5,85,535,85,70,80,97,80,123,45,2
"Xerneas",3,215,680,126,131,95,131,98,99,45,1
"Yveltal",5.8,203,680,126,131,95,131,98,99,45,1
"Zygarde 50% Forme",5,305,600,108,100,121,81,95,95,3,NA
"Zygarde 10% Forme",1.2,33.5,486,54,100,71,61,85,115,3,NA
"Zygarde Complete Forme",4.5,610,708,216,100,121,91,95,85,3,NA
"Diancie",0.7,8.8,600,50,100,150,100,150,50,3,1
"Mega Diancie",1.1,27.8,700,50,160,110,160,110,110,3,NA
"Hoopa Confined",0.5,9,600,80,110,60,150,130,70,3,NA
"Hoopa Unbound",6.5,490,680,80,160,60,170,130,80,3,NA
"Volcanion",1.7,195,600,80,110,120,130,90,70,3,1
"Rowlet",0.3,1.5,320,68,55,55,50,50,42,45,1
"Dartrix",0.7,16,420,78,75,75,70,70,52,45,2
"Decidueye",1.6,36.6,530,78,107,75,100,100,70,45,3
"Litten",0.4,4.3,320,45,65,40,60,40,70,45,1
"Torracat",0.7,25,420,65,85,50,80,50,90,45,2
"Incineroar",1.8,83,530,95,115,90,80,90,60,45,3
"Popplio",0.4,7.5,320,50,54,54,66,56,40,45,1
"Brionne",0.6,17.5,420,60,69,69,91,81,50,45,2
"Primarina",1.8,44,530,80,74,74,126,116,60,45,3
"Pikipek",0.3,1.2,265,35,75,30,30,30,65,255,1
"Trumbeak",0.6,14.8,355,55,85,50,40,50,75,120,2
"Toucannon",1.1,26,485,80,120,75,75,75,60,45,3
"Yungoos",0.4,6,253,48,70,30,30,30,45,255,1
"Gumshoos",0.7,14.2,418,88,110,60,55,60,45,127,2
"Grubbin",0.4,4.4,300,47,62,45,55,45,46,255,1
"Charjabug",0.5,10.5,400,57,82,95,55,75,36,120,2
"Vikavolt",1.5,45,500,77,70,90,145,75,43,45,3
"Crabrawler",0.6,7,338,47,82,57,42,47,63,225,1
"Crabominable",1.7,180,478,97,132,77,62,67,43,60,2
"Oricorio Baile Style",0.6,3.4,476,75,70,70,98,70,93,45,NA
"Oricorio Pom-Pom Style",0.6,3.4,476,75,70,70,98,70,93,45,NA
"Oricorio Pa'u Style",0.6,3.4,476,75,70,70,98,70,93,45,NA
"Oricorio Sensu Style",0.6,3.4,476,75,70,70,98,70,93,45,NA
"Cutiefly",0.1,0.2,304,40,45,40,55,40,84,190,1
"Ribombee",0.2,0.5,464,60,55,60,95,70,124,75,2
"Rockruff",0.5,9.2,280,45,65,40,30,40,60,190,1
"Lycanroc Midday Form",0.8,25,487,75,115,65,55,65,112,90,NA
"Lycanroc Midnight Form",1.1,25,487,85,115,75,55,75,82,90,NA
"Lycanroc Dusk Form",0.8,25,487,75,117,65,55,65,110,90,NA
"WishiwashiSolo Form",0.2,0.3,175,45,20,20,25,25,40,60,NA
"Wishiwashi School Form",8.2,78.6,620,45,140,130,140,135,30,60,NA
"Mareanie",0.4,8,305,50,53,62,43,52,45,190,1
"Toxapex",0.7,14.5,495,50,63,152,53,142,35,75,2
"Mudbray",1,110,385,70,100,70,45,55,45,190,1
"Mudsdale",2.5,920,500,100,125,100,55,85,35,60,2
"Dewpider",0.3,4,269,38,40,52,40,72,27,200,1
"Araquanid",1.8,82,454,68,70,92,50,132,42,100,2
"Fomantis",0.3,1.5,250,40,55,35,50,35,35,190,1
"Lurantis",0.9,18.5,480,70,105,90,80,90,45,75,2
"Morelull",0.2,1.5,285,40,35,55,65,75,15,190,1
"Shiinotic",1,11.5,405,60,45,80,90,100,30,75,2
"Salandit",0.6,4.8,320,48,44,40,71,40,77,120,1
"Salazzle",1.2,22.2,480,68,64,60,111,60,117,45,2
"Stufful",0.5,6.8,340,70,75,50,45,50,50,140,1
"Bewear",2.1,135,500,120,125,80,55,60,60,70,2
"Bounsweet",0.3,3.2,210,42,30,38,30,38,32,235,1
"Steenee",0.7,8.2,290,52,40,48,40,48,62,120,2
"Tsareena",1.2,21.4,510,72,120,98,50,98,72,45,3
"Comfey",0.1,0.3,485,51,52,90,82,110,100,60,1
"Oranguru",1.5,76,490,90,60,80,90,110,60,45,1
"Passimian",2,82.8,490,100,120,90,40,60,80,45,1
"Wimpod",0.5,12,230,25,35,40,20,30,80,90,1
"Golisopod",2,108,530,75,125,140,60,90,40,45,2
"Sandygast",0.5,70,320,55,55,80,70,45,15,140,1
"Palossand",1.3,250,480,85,75,110,100,75,35,60,2
"Pyukumuku",0.3,1.2,410,55,60,130,30,130,5,60,1
"Type: Null",1.9,120.5,534,95,95,95,95,95,59,3,1
"Silvally",2.3,100.5,570,95,95,95,95,95,95,3,2
"Minior Meteor Form",0.3,40,440,60,60,100,60,100,60,30,NA
"Minior Core Form",0.3,0.3,500,60,100,60,100,60,120,30,NA
"Komala",0.4,19.9,480,65,115,65,75,95,65,45,1
"Turtonator",2,212,485,60,78,135,91,85,36,70,1
"Togedemaru",0.3,3.3,435,65,98,63,40,73,96,180,1
"Mimikyu",0.2,0.7,476,55,90,80,50,105,96,45,1
"Bruxish",0.9,19,475,68,105,70,70,70,92,80,1
"Drampa",3,185,485,78,60,85,135,91,36,70,1
"Dhelmise",3.9,210,517,70,131,100,86,90,40,25,1
"Jangmo-o",0.6,29.7,300,45,55,65,45,45,45,45,1
"Hakamo-o",1.2,47,420,55,75,90,65,70,65,45,2
"Kommo-o",1.6,78.2,600,75,110,125,100,105,85,45,3
"Tapu Koko",1.8,20.5,570,70,115,85,95,75,130,3,1
"Tapu Lele",1.2,18.6,570,70,85,75,130,115,95,3,1
"Tapu Bulu",1.9,45.5,570,70,130,115,85,95,75,3,1
"Tapu Fini",1.3,21.2,570,70,75,115,95,130,85,3,1
"Cosmog",0.2,0.1,200,43,29,31,29,31,37,45,1
"Cosmoem",0.1,999.9,400,43,29,131,29,131,37,45,2
"Solgaleo",3.4,230,680,137,137,107,113,89,97,45,3
"Lunala",4,120,680,137,113,89,137,107,97,45,3
"Nihilego",1.2,55.5,570,109,53,47,127,131,103,45,1
"Buzzwole",2.4,333.6,570,107,139,139,53,53,79,45,1
"Pheromosa",1.8,25,570,71,137,37,137,37,151,45,1
"Xurkitree",3.8,100,570,83,89,71,173,71,83,45,1
"Celesteela",9.2,999.9,570,97,101,103,107,101,61,45,1
"Kartana",0.3,0.1,570,59,181,131,59,31,109,45,1
"Guzzlord",5.5,888,570,223,101,53,97,53,43,45,1
"Necrozma",2.4,230,600,97,107,101,127,89,79,255,1
"Dusk Mane Necrozma",3.8,460,680,97,157,127,113,109,77,3,1
"Dawn Wings Necrozma",4.2,350,680,97,113,109,157,127,77,3,1
"Ultra Necrozma",7.5,230,754,97,167,97,167,97,129,3,1
"Magearna",1,80.5,600,80,95,115,130,115,65,3,1
"Marshadow",0.7,22.2,600,90,125,80,90,90,125,3,1
"Poipole",0.6,1.8,420,67,73,67,73,67,73,45,1
"Naganadel",3.6,150,540,73,73,73,127,73,121,45,2
"Stakataka",5.5,820,570,61,131,211,53,101,13,30,1
"Blacephalon",1.8,13,570,53,127,53,151,79,107,30,1
"Zeraora",1.5,44.5,600,88,112,75,102,80,143,3,1
"Meltan",0.2,8,300,46,65,65,55,35,34,3,1
"Melmetal",2.5,800,600,135,143,143,80,65,34,3,2
"Grookey",0.3,5,310,50,65,50,40,40,65,45,1
"Thwackey",0.7,14,420,70,85,70,55,60,80,45,2
"Rillaboom",2.1,90,530,100,125,90,60,70,85,45,3
"Scorbunny",0.3,4.5,310,50,71,40,40,40,69,45,1
"Raboot",0.6,9,420,65,86,60,55,60,94,45,2
"Cinderace",1.4,33,530,80,116,75,65,75,119,45,3
"Sobble",0.3,4,310,50,40,40,70,40,70,45,1
"Drizzile",0.7,11.5,420,65,60,55,95,55,90,45,2
"Inteleon",1.9,45.2,530,70,85,65,125,65,120,45,3
"Skwovet",0.3,2.5,275,70,55,55,35,35,25,255,1
"Greedent",0.6,6,460,120,95,95,55,75,20,90,2
"Rookidee",0.2,1.8,245,38,47,35,33,35,57,255,1
"Corvisquire",0.8,16,365,68,67,55,43,55,77,120,2
"Corviknight",2.2,75,495,98,87,105,53,85,67,45,3
"Blipbug",0.4,8,180,25,20,20,25,45,45,255,1
"Dottler",0.4,19.5,335,50,35,80,50,90,30,120,2
"Orbeetle",0.4,40.8,505,60,45,110,80,120,90,45,3
"Nickit",0.6,8.9,245,40,28,28,47,52,50,255,1
"Thievul",1.2,19.9,455,70,58,58,87,92,90,127,2
"Gossifleur",0.4,2.2,250,40,40,60,40,60,10,190,1
"Eldegoss",0.5,2.5,460,60,50,90,80,120,60,75,2
"Wooloo",0.6,6,270,42,40,55,40,45,48,255,1
"Dubwool",1.3,43,490,72,80,100,60,90,88,127,2
"Chewtle",0.3,8.5,284,50,64,50,38,38,44,255,1
"Drednaw",1,115.5,485,90,115,90,48,68,74,75,2
"Yamper",0.3,13.5,270,59,45,50,40,50,26,255,1
"Boltund",1,34,490,69,90,60,90,60,121,45,2
"Rolycoly",0.3,12,240,30,40,50,40,50,30,255,1
"Carkol",1.1,78,410,80,60,90,60,70,50,120,2
"Coalossal",2.8,310.5,510,110,80,120,80,90,30,45,3
"Applin",0.2,0.5,260,40,40,80,40,40,20,255,1
"Flapple",0.3,1,485,70,110,80,95,60,70,45,2
"Appletun",0.4,13,485,110,85,80,100,80,30,45,2
"Silicobra",2.2,7.6,315,52,57,75,35,50,46,255,1
"Sandaconda",3.8,65.5,510,72,107,125,65,70,71,120,2
"Cramorant",0.8,18,475,70,85,55,85,95,85,45,1
"Arrokuda",0.5,1,280,41,63,40,40,30,66,255,1
"Barraskewda",1.3,30,490,61,123,60,60,50,136,60,2
"Toxel",0.4,11,242,40,38,35,54,35,40,75,1
"Toxtricity Low Key Form",1.6,40,502,75,98,70,114,70,75,45,NA
"Toxtricity Amped Form",1.6,40,502,75,98,70,114,70,75,45,NA
"Sizzlipede",0.7,1,305,50,65,45,50,50,45,190,1
"Centiskorch",3,120,525,100,115,65,90,90,65,75,2
"Clobbopus",0.6,4,310,50,68,60,50,50,32,180,1
"Grapploct",1.6,39,480,80,118,90,70,80,42,45,2
"Sinistea",0.1,0.2,308,40,45,45,74,54,50,120,1
"Polteageist",0.2,0.4,508,60,65,65,134,114,70,60,2
"Hatenna",0.4,3.4,265,42,30,45,56,53,39,235,1
"Hattrem",0.6,4.8,370,57,40,65,86,73,49,120,2
"Hatterene",2.1,5,510,57,90,95,136,103,29,45,3
"Impidimp",0.4,5.5,265,45,45,30,55,40,50,255,1
"Morgrem",0.8,12.5,370,65,60,45,75,55,70,120,2
"Grimmsnarl",1.5,61,510,95,120,65,95,75,60,45,3
"Obstagoon",1.6,46,520,93,90,101,60,81,95,45,NA
"Perrserker",0.8,28,440,70,110,100,50,60,50,90,NA
"Cursola",1,0.4,510,60,95,50,145,130,30,30,NA
"Sirfetch'd",0.8,117,507,62,135,95,68,82,65,45,NA
"Mr. Rime",1.5,58.2,520,80,85,75,110,100,70,45,NA
"Runerigus",1.6,66.6,483,58,95,145,50,105,30,90,NA
"Milcery",0.2,0.3,270,45,40,40,50,61,34,200,1
"Alcremie",0.3,0.5,495,65,60,75,110,121,64,100,2
"Falinks",3,62,470,65,100,100,70,60,75,45,1
"Pincurchin",0.3,1,435,48,101,95,91,85,15,75,1
"Snom",0.3,3.8,185,30,25,35,45,30,20,190,1
"Frosmoth",1.3,42,475,70,65,60,125,90,65,75,2
"Stonjourner",2.5,520,470,100,125,135,20,20,70,60,1
"Eiscue Ice Face",1.4,89,470,75,80,110,65,90,50,60,NA
"Eiscue No Ice Face",1.4,89,470,75,80,70,65,50,130,60,NA
"Indeedee Male",0.9,28,475,60,65,55,105,95,95,30,NA
"Indeedee Female",0.9,28,475,70,55,65,95,105,85,30,NA
"Morpeko Full Belly Mode",0.3,3,436,58,95,58,70,58,97,180,NA
"Morpeko Hangry Mode",0.3,3,436,58,95,58,70,58,97,180,NA
"Cufant",1.2,100,330,72,80,49,40,49,40,190,1
"Copperajah",3,650,500,122,130,69,80,69,30,90,2
"Dracozolt",1.8,190,505,90,100,90,80,70,75,45,2
"Arctozolt",2.3,150,505,90,100,90,90,80,55,45,2
"Dracovish",2.3,215,505,90,90,100,70,80,75,45,2
"Arctovish",2,175,505,90,90,100,80,90,55,45,2
"Duraludon",1.8,40,535,70,95,115,120,50,85,45,1
"Dreepy",0.5,2,270,28,60,30,40,30,82,45,1
"Drakloak",1.4,11,410,68,80,50,60,50,102,45,2
"Dragapult",3,50,600,88,120,75,100,75,142,45,3
"Zacian Crowned Sword",2.8,355,720,92,170,115,80,115,148,10,NA
"Zacian Hero of Many Battles",2.8,110,670,92,130,115,80,115,138,10,NA
"ZamazentaCrowned Shield",2.9,785,720,92,130,145,80,145,128,10,NA
"Zamazenta Hero of Many Battles",2.9,210,670,92,130,115,80,115,138,10,NA
"Eternatus",20,950,690,140,85,95,145,95,130,255,NA
"Kubfu",0.6,12,385,60,90,60,53,50,72,3,1
"Urshifu Single Strike Style",1.9,105,550,100,130,100,63,60,97,3,NA
"Urushifu Rapid Strike Style",1.9,105,550,100,130,100,63,60,97,3,NA
"Zarude",1.8,70,600,105,120,105,70,95,105,3,1
"Regieleki",1.2,145,580,80,100,50,100,50,200,3,1
"Regidrago",2.1,200,580,200,100,50,100,50,80,3,1
"Glastrier",2.2,208,580,100,145,130,65,110,30,3,1
"Spectrier",2,44.5,580,100,65,60,145,80,130,3,1
"Calyrex",1.1,7.7,500,80,80,80,80,80,80,3,1
"Calyrex Ice Rider",2.4,8091.1,680,100,165,150,85,130,50,3,NA
"Calyrex Shadow Rider",2.4,53.6,680,100,85,80,165,100,150,3,NA
"Wyrdeer",1.8,95.1,525,103,105,72,105,75,65,NA,2
"Kleavor",1.8,89,500,70,135,95,45,70,85,NA,2
"Ursaluna",2.4,290,550,130,140,105,45,80,50,NA,3
"Basculegion male",3,110,530,120,112,65,80,75,75,NA,NA
"Basculegion female",3,110,530,120,92,65,100,75,78,NA,NA
"Sneasler",1.3,43,510,80,130,60,40,80,120,NA,NA
"Overqwil",2.5,60.5,510,85,115,95,65,65,85,NA,NA
"Enamorus Incarnate Forme",1.6,48,580,74,115,70,135,80,106,NA,NA
"Enamorus Therian Forme",1.6,48,580,74,115,110,135,100,46,NA,NA
